trial_num	condition	stimulus	start_time	go_signal	resp_time	record_time	run	trial	start_time_real	end_time_real
1	word	be ne fit po ta to pe ri od	4.0	3.0	4.0	4.5	1	1	4.000015125027858	11.003654125030152
2	word	be ne fit po ta to pe ri od	12.0	3.0	4.0	4.5	1	2	12.00000966672087	19.00352362502599
3	word	be ne fit po ta to pe ri od	20.0	3.0	4.0	4.5	1	3	20.000022166699637	27.00340445834445
4	word	be ne fit po ta to pe ri od	28.0	3.0	4.0	4.5	1	4	28.000020750041585	35.00403050001478
5	simple	ne ne ne ne ne ne ne ne ne	36.0	3.0	4.0	4.5	1	5	36.00000895833364	43.00444074999541
6	simple	ne ne ne ne ne ne ne ne ne	44.0	3.0	4.0	4.5	1	6	44.00002116669202	51.004892583354376
7	simple	ri ri ri ri ri ri ri ri ri	52.0	3.0	4.0	4.5	1	7	52.00001520832302	59.005564541730564
8	word	po ta to pe ri od be ne fit	60.0	3.0	4.0	4.5	1	8	60.00001233333023	67.00288770830957
9	simple	fit fit fit fit fit fit fit fit fit	68.0	3.0	4.0	4.5	1	9	68.00000695831841	75.00316391669912
10	simple	be be be be be be be be be	76.0	3.0	4.0	4.5	1	10	76.00000762502896	83.00337879167637
11	simple	ne ne ne ne ne ne ne ne ne	84.0	3.0	4.0	4.5	1	11	84.00001695833635	91.00286287500057
12	word	pe ri od po ta to be ne fit	92.0	3.0	4.0	4.5	1	12	92.00001283333404	99.00302175001707
13	random	ne be ta ri po to pe fit od	100.0	3.0	4.0	4.5	1	13	100.00000641669612	107.00320887501584
14	word	po ta to be ne fit pe ri od	108.0	3.0	4.0	4.5	1	14	108.00001825002255	115.00310954172164
15	simple	po po po po po po po po po	116.0	3.0	4.0	4.5	1	15	116.00001662503928	123.00306712504243
16	random	ta od to pe ne ri po fit be	124.0	3.0	4.0	4.5	1	16	124.00001645833254	131.0034459583112
17	word	be ne fit pe ri od po ta to	132.0	3.0	4.0	4.5	1	17	132.00001354172127	139.0028617500211
18	simple	ta ta ta ta ta ta ta ta ta	140.0	3.0	4.0	4.5	1	18	140.0000108749955	147.0029453333118
19	random	po fit to ta ri od be ne pe	148.0	3.0	4.0	4.5	1	19	148.0000074999989	155.00331912504043
20	random	ta po ri od pe be fit to ne	156.0	3.0	4.0	4.5	1	20	156.00001858331962	163.0030607083463
21	word	pe ri od po ta to be ne fit	164.0	3.0	4.0	4.5	1	21	164.0000186249963	171.00321075000102
22	simple	po po po po po po po po po	172.0	3.0	4.0	4.5	1	22	172.0000131666893	179.00314112502383
23	simple	ne ne ne ne ne ne ne ne ne	180.0	3.0	4.0	4.5	1	23	180.00001183332643	187.00299316667952
24	simple	ne ne ne ne ne ne ne ne ne	188.0	3.0	4.0	4.5	1	24	188.0000082916813	195.00313900003675
25	random	po pe ta be to fit ri ne od	196.0	3.0	4.0	4.5	1	25	196.00000658334466	203.003406416683
26	simple	po po po po po po po po po	204.0	3.0	4.0	4.5	1	26	204.00001325004268	211.0029608749901
27	word	be ne fit pe ri od po ta to	212.0	3.0	4.0	4.5	1	27	212.00000450003427	219.0030208750395
28	random	ta od be to ri pe fit po ne	220.0	3.0	4.0	4.5	1	28	220.00001595832873	227.00327720830683
29	word	po ta to be ne fit pe ri od	228.0	3.0	4.0	4.5	1	29	228.00001879170304	235.00307249999605
30	random	be od to pe ta ne po fit ri	236.0	3.0	4.0	4.5	1	30	236.0000074999989	243.00341679167468
31	simple	po po po po po po po po po	244.0	3.0	4.0	4.5	1	31	244.00001133332262	251.00309845834272
32	random	ta po od pe fit to ne be ri	252.0	3.0	4.0	4.5	1	32	252.00000554171856	259.00302279170137
33	random	be fit po to ne ri od ta pe	260.0	3.0	4.0	4.5	1	33	260.0000080000027	267.0028972083237
34	simple	pe pe pe pe pe pe pe pe pe	268.0	3.0	4.0	4.5	1	34	268.000012708304	275.00351541669806
35	simple	ri ri ri ri ri ri ri ri ri	276.0	3.0	4.0	4.5	1	35	276.00001620833063	283.0030138333095
36	random	ta pe fit po be ri od to ne	284.0	3.0	4.0	4.5	1	36	284.00001666671596	291.0031232917099
37	simple	od od od od od od od od od	292.0	3.0	4.0	4.5	1	37	292.00000662502134	299.00336695834994
38	word	po ta to be ne fit pe ri od	300.0	3.0	4.0	4.5	1	38	300.0000041250023	307.00301045831293
39	random	to pe od ta ri fit be po ne	308.0	3.0	4.0	4.5	1	39	308.0000139583135	315.0031437500147
40	simple	ne ne ne ne ne ne ne ne ne	316.0	3.0	4.0	4.5	1	40	316.0000028333161	323.0034609166905
41	random	fit pe po ri ta od be ne to	324.0	3.0	4.0	4.5	1	41	324.00001620833063	331.0035408750409
42	simple	to to to to to to to to to	332.0	3.0	4.0	4.5	1	42	332.00000450003427	339.00372991670156
trial_num	condition	stimulus	start_time	go_signal	resp_time	record_time	run	trial	start_time_real	end_time_real
1	simple	to to to to to to to to to	4.0	3.0	4.0	4.5	2	1	4.000011458294466	11.003575249982532
2	random	be po ta to ne pe ri fit od	12.0	3.0	4.0	4.5	2	2	12.000013749988284	19.00373145827325
3	simple	fit fit fit fit fit fit fit fit fit	20.0	3.0	4.0	4.5	2	3	20.000011458294466	27.00353533332236
4	random	fit ta to pe po ri be od ne	28.0	3.0	4.0	4.5	2	4	28.00002008327283	35.00416537496494
5	simple	ri ri ri ri ri ri ri ri ri	36.0	3.0	4.0	4.5	2	5	36.00001504167449	43.00437095831148
6	word	pe ri od po ta to be ne fit	44.0	3.0	4.0	4.5	2	6	44.00000820826972	51.00478341669077
7	word	be ne fit po ta to pe ri od	52.0	3.0	4.0	4.5	2	7	52.00001016666647	59.00529012497282
8	simple	pe pe pe pe pe pe pe pe pe	60.0	3.0	4.0	4.5	2	8	60.00001658330439	67.00303620827617
9	simple	be be be be be be be be be	68.0	3.0	4.0	4.5	2	9	68.00000737496885	75.00320491666207
10	random	be po od ta pe ne ri to fit	76.0	3.0	4.0	4.5	2	10	76.00000437500421	83.00338845828082
11	simple	be be be be be be be be be	84.0	3.0	4.0	4.5	2	11	84.0000077500008	91.0030469999765
12	word	be ne fit po ta to pe ri od	92.0	3.0	4.0	4.5	2	12	92.00001741666347	99.00293929164764
13	simple	od od od od od od od od od	100.0	3.0	4.0	4.5	2	13	100.00001170829637	107.00348520831903
14	simple	po po po po po po po po po	108.0	3.0	4.0	4.5	2	14	108.00001341669122	115.00340074999258
15	word	po ta to pe ri od be ne fit	116.0	3.0	4.0	4.5	2	15	116.0000087916851	123.00329216668615
16	simple	ne ne ne ne ne ne ne ne ne	124.0	3.0	4.0	4.5	2	16	124.00000704167178	131.00317524996353
17	random	to be pe fit ne od ta ri po	132.0	3.0	4.0	4.5	2	17	132.0000178749906	139.00296049995814
18	random	be fit to ta ne od po ri pe	140.0	3.0	4.0	4.5	2	18	140.00002091669012	147.00316729169572
19	simple	to to to to to to to to to	148.0	3.0	4.0	4.5	2	19	148.0000056666904	155.00318866665475
20	word	po ta to pe ri od be ne fit	156.0	3.0	4.0	4.5	2	20	156.0000129166874	163.00294762500562
21	simple	fit fit fit fit fit fit fit fit fit	164.0	3.0	4.0	4.5	2	21	164.00000887498027	171.00298795831623
22	simple	ta ta ta ta ta ta ta ta ta	172.0	3.0	4.0	4.5	2	22	172.00001441669883	179.00386545830406
23	simple	ne ne ne ne ne ne ne ne ne	180.0	3.0	4.0	4.5	2	23	180.00001695827814	187.00291133328574
24	simple	od od od od od od od od od	188.0	3.0	4.0	4.5	2	24	188.00001820828766	195.0028726249584
25	random	po od be fit ne ta pe to ri	196.0	3.0	4.0	4.5	2	25	196.0000046666828	203.00335583329434
26	simple	fit fit fit fit fit fit fit fit fit	204.0	3.0	4.0	4.5	2	26	204.0000062083127	211.00308604165912
27	simple	to to to to to to to to to	212.0	3.0	4.0	4.5	2	27	212.00001437496394	219.0031875416753
28	word	pe ri od be ne fit po ta to	220.0	3.0	4.0	4.5	2	28	220.0000069999951	227.00351874995977
29	word	be ne fit po ta to pe ri od	228.0	3.0	4.0	4.5	2	29	228.0000025833142	235.00327254168224
30	simple	ne ne ne ne ne ne ne ne ne	236.0	3.0	4.0	4.5	2	30	236.0000082916813	243.00314183329465
31	word	pe ri od be ne fit po ta to	244.0	3.0	4.0	4.5	2	31	244.00001441669883	251.00326937501086
32	word	po ta to pe ri od be ne fit	252.0	3.0	4.0	4.5	2	32	252.00002287497045	259.00293412496103
33	random	od fit ne be po pe ta to ri	260.0	3.0	4.0	4.5	2	33	260.0000067499932	267.00346549996175
34	word	po ta to pe ri od be ne fit	268.0	3.0	4.0	4.5	2	34	268.0000166249811	275.00337445829064
35	random	od ri ne ta fit to be po pe	276.0	3.0	4.0	4.5	2	35	276.0000106249936	283.0028457916924
36	simple	to to to to to to to to to	284.0	3.0	4.0	4.5	2	36	284.0000092916889	291.00303191668354
37	random	ne ta fit to po be pe od ri	292.0	3.0	4.0	4.5	2	37	292.0000137499883	299.00336433330085
38	word	po ta to be ne fit pe ri od	300.0	3.0	4.0	4.5	2	38	300.0000180833158	307.00308695831336
39	random	pe be od ta fit ri po ne to	308.0	3.0	4.0	4.5	2	39	308.00000349996844	315.00304020830663
40	random	fit ne ri to be ta od po pe	316.0	3.0	4.0	4.5	2	40	316.0000069583184	323.0035777083249
41	random	ta pe be ne po to od ri fit	324.0	3.0	4.0	4.5	2	41	324.000009041687	331.00371874996927
42	word	be ne fit po ta to pe ri od	332.0	3.0	4.0	4.5	2	42	332.00001616665395	339.0034728333121
